,benign,malware,percent_mal,percent_ben,total_calls,document_frequency
transact,6088.0,324.0,0.050530255770430445,0.9494697442295695,6412.0,0.4264432029795158
onServiceConnected,6257.0,458.0,0.06820551005212211,0.9317944899478778,6715.0,0.4465948390529396
bindService,6210.0,446.0,0.06700721153846154,0.9329927884615384,6656.0,0.4426709231178505
attachInterface,5887.0,326.0,0.05247062610655078,0.9475293738934493,6213.0,0.41320830007980847
ServiceConnection,6228.0,462.0,0.06905829596412556,0.9309417040358744,6690.0,0.4449321628092578
android.os.Binder,6623.0,698.0,0.09534216637071438,0.9046578336292856,7321.0,0.48689811119978715
SEND_SMS,559.0,2999.0,0.8428892636312535,0.15711073636874648,3558.0,0.23663208300079808
Ljava.lang.Class.getCanonicalName,4732.0,242.0,0.0486529955770004,0.9513470044229996,4974.0,0.33080606544293695
Ljava.lang.Class.getMethods,4102.0,144.0,0.03391427225624117,0.9660857277437588,4246.0,0.28238893322692205
Ljava.lang.Class.cast,4446.0,254.0,0.05404255319148936,0.9459574468085107,4700.0,0.3125831338121841
Ljava.net.URLDecoder,5457.0,686.0,0.11167182158554452,0.8883281784144554,6143.0,0.4085528065974993
android.content.pm.Signature,4890.0,465.0,0.08683473389355742,0.9131652661064426,5355.0,0.35614525139664804
android.telephony.SmsManager,529.0,2256.0,0.8100538599640934,0.18994614003590665,2785.0,0.18522213354615588
READ_PHONE_STATE,4563.0,4946.0,0.5201388158586602,0.47986118414133977,9509.0,0.632415536046821
getBinder,2803.0,32.0,0.011287477954144622,0.9887125220458554,2835.0,0.18854748603351956
ClassLoader,6395.0,1433.0,0.18306080735820132,0.8169391926417987,7828.0,0.5206171854216547
Landroid.content.Context.registerReceiver,6214.0,1356.0,0.17912813738441216,0.8208718626155879,7570.0,0.5034583665868582
Ljava.lang.Class.getField,5620.0,1049.0,0.15729494676863098,0.842705053231369,6669.0,0.44353551476456504
Landroid.content.Context.unregisterReceiver,5445.0,966.0,0.15067852129153017,0.8493214787084699,6411.0,0.42637669592976857
GET_ACCOUNTS,4049.0,443.0,0.09861976847729297,0.9013802315227071,4492.0,0.2987496674647513
RECEIVE_SMS,675.0,2139.0,0.7601279317697228,0.23987206823027718,2814.0,0.1871508379888268
Ljava.lang.Class.getDeclaredField,5854.0,1319.0,0.18388400947999442,0.8161159905200056,7173.0,0.47705506783719076
READ_SMS,723.0,2085.0,0.7425213675213675,0.25747863247863245,2808.0,0.18675179569034317
getCallingUid,1821.0,8.0,0.004373974849644614,0.9956260251503554,1829.0,0.1216413939877627
Ljavax.crypto.spec.SecretKeySpec,5258.0,1229.0,0.18945583474641592,0.8105441652535841,6487.0,0.4314312317105613
android.intent.action.BOOT_COMPLETED,3123.0,3630.0,0.5375388716126166,0.4624611283873834,6753.0,0.449122106943336
USE_CREDENTIALS,1517.0,3.0,0.001973684210526316,0.9980263157894737,1520.0,0.10109071561585528
MANAGE_ACCOUNTS,1555.0,10.0,0.006389776357827476,0.9936102236421726,1565.0,0.10408353285448257
android.content.pm.PackageInfo,7410.0,2665.0,0.2645161290322581,0.7354838709677419,10075.0,0.6700585262037776
KeySpec,5567.0,1542.0,0.21690814460542973,0.7830918553945703,7109.0,0.47279861665336526
TelephonyManager.getLine1Number,1390.0,2335.0,0.6268456375838927,0.3731543624161074,3725.0,0.2477387603085927
DexClassLoader,2748.0,316.0,0.1031331592689295,0.8968668407310705,3064.0,0.2037776004256451
HttpGet.init,6119.0,1886.0,0.23560274828232355,0.7643972517176765,8005.0,0.532388933226922
SecretKey,5399.0,1521.0,0.21979768786127168,0.7802023121387284,6920.0,0.4602287842511306
Ljava.lang.Class.getMethod,6520.0,2177.0,0.2503162009888467,0.7496837990111532,8697.0,0.5784118116520351
System.loadLibrary,4427.0,1071.0,0.19479810840305567,0.8052018915969443,5498.0,0.3656557595105081
android.intent.action.SEND,1609.0,66.0,0.03940298507462687,0.9605970149253731,1675.0,0.11139930832668263
Ljavax.crypto.Cipher,5081.0,1468.0,0.2241563597495801,0.77584364025042,6549.0,0.43555466879489224
WRITE_SMS,458.0,1244.0,0.7309048178613397,0.2690951821386604,1702.0,0.113194998669859
READ_SYNC_SETTINGS,1222.0,30.0,0.023961661341853034,0.9760383386581469,1252.0,0.08326682628358606
AUTHENTICATE_ACCOUNTS,967.0,1.0,0.0010330578512396695,0.9989669421487604,968.0,0.06437882415536046
android.telephony.gsm.SmsManager,60.0,606.0,0.9099099099099099,0.09009009009009009,666.0,0.044293695131683956
WRITE_HISTORY_BOOKMARKS,277.0,916.0,0.7678122380553227,0.23218776194467727,1193.0,0.07934291034849694
TelephonyManager.getSubscriberId,1317.0,1914.0,0.5923862581244197,0.4076137418755803,3231.0,0.21488427773343974
mount,6494.0,2489.0,0.27707892686185015,0.7229210731381498,8983.0,0.5974328278797553
INSTALL_PACKAGES,227.0,825.0,0.7842205323193916,0.21577946768060838,1052.0,0.06996541633413142
Runtime.getRuntime,4983.0,1616.0,0.24488558872556448,0.7551144112744356,6599.0,0.4388800212822559
CAMERA,1823.0,231.0,0.1124634858812074,0.8875365141187926,2054.0,0.13660548018089919
Ljava.lang.Object.getClass,7645.0,3298.0,0.3013798775472905,0.6986201224527095,10943.0,0.7277866453844107
WRITE_SYNC_SETTINGS,1114.0,45.0,0.03882657463330457,0.9611734253666955,1159.0,0.07708167065708965
READ_HISTORY_BOOKMARKS,394.0,1003.0,0.717967072297781,0.28203292770221905,1397.0,0.09291034849694067
Ljava.lang.Class.forName,6669.0,2660.0,0.285132382892057,0.714867617107943,9329.0,0.6204442670923118
INTERNET,7771.0,5340.0,0.40729158721684083,0.5927084127831592,13111.0,0.8719739292364991
android.intent.action.PACKAGE_REPLACED,1068.0,57.0,0.050666666666666665,0.9493333333333334,1125.0,0.07482043096568236
Binder,8122.0,3770.0,0.31701984527413385,0.6829801547258662,11892.0,0.790901835594573
android.intent.action.SEND_MULTIPLE,724.0,4.0,0.005494505494505495,0.9945054945054945,728.0,0.048417132216014895
RECORD_AUDIO,1235.0,122.0,0.0899042004421518,0.9100957995578481,1357.0,0.09025006650704975
IBinder,8030.0,3758.0,0.3187987784187309,0.6812012215812691,11788.0,0.7839851024208566
android.os.IBinder,8029.0,3758.0,0.3188258250615084,0.6811741749384915,11787.0,0.7839185953711093
createSubprocess,4.0,307.0,0.9871382636655949,0.012861736334405145,311.0,0.02068369247140197
NFC,618.0,1.0,0.0016155088852988692,0.9983844911147012,619.0,0.04116786379356212
ACCESS_LOCATION_EXTRA_COMMANDS,174.0,605.0,0.7766367137355584,0.2233632862644416,779.0,0.05180899175312583
URLClassLoader,704.0,15.0,0.02086230876216968,0.9791376912378303,719.0,0.04781856876828944
WRITE_APN_SETTINGS,151.0,563.0,0.788515406162465,0.211484593837535,714.0,0.04748603351955307
abortBroadcast,626.0,1064.0,0.6295857988165681,0.37041420118343193,1690.0,0.11239691407289172
BIND_REMOTEVIEWS,560.0,0.0,0.0,1.0,560.0,0.037243947858473
android.intent.action.TIME_SET,661.0,15.0,0.022189349112426034,0.977810650887574,676.0,0.04495876562915669
READ_PROFILE,525.0,0.0,0.0,1.0,525.0,0.034916201117318434
TelephonyManager.getDeviceId,4459.0,3646.0,0.4498457742134485,0.5501542257865515,8105.0,0.5390396382016494
MODIFY_AUDIO_SETTINGS,905.0,73.0,0.07464212678936605,0.9253578732106339,978.0,0.0650438946528332
getCallingPid,586.0,8.0,0.013468013468013467,0.9865319865319865,594.0,0.039505187549880284
READ_SYNC_STATS,519.0,1.0,0.0019230769230769232,0.9980769230769231,520.0,0.03458366586858207
BROADCAST_STICKY,733.0,36.0,0.04681404421326398,0.953185955786736,769.0,0.0511439212556531
android.intent.action.PACKAGE_REMOVED,885.0,82.0,0.08479834539813857,0.9152016546018614,967.0,0.06431231710561319
android.intent.action.TIMEZONE_CHANGED,452.0,1.0,0.002207505518763797,0.9977924944812362,453.0,0.030127693535514765
WAKE_LOCK,5195.0,2131.0,0.2908817908817909,0.7091182091182091,7326.0,0.48723064644852354
RECEIVE_BOOT_COMPLETED,3079.0,2700.0,0.46720885966430176,0.5327911403356982,5779.0,0.3843442404894919
RESTART_PACKAGES,446.0,753.0,0.628023352793995,0.371976647206005,1199.0,0.07974195264698059
Ljava.lang.Class.getPackage,2719.0,866.0,0.2415620641562064,0.7584379358437936,3585.0,0.23842777334397447
chmod,733.0,963.0,0.5678066037735849,0.4321933962264151,1696.0,0.11279595637137536
Ljava.lang.Class.getDeclaredClasses,405.0,10.0,0.024096385542168676,0.9759036144578314,415.0,0.027600425645118384
android.intent.action.ACTION_POWER_DISCONNECTED,405.0,10.0,0.024096385542168676,0.9759036144578314,415.0,0.027600425645118384
android.intent.action.PACKAGE_ADDED,962.0,163.0,0.1448888888888889,0.8551111111111112,1125.0,0.07482043096568236
PathClassLoader,378.0,9.0,0.023255813953488372,0.9767441860465116,387.0,0.025738228252194732
TelephonyManager.getSimSerialNumber,890.0,1042.0,0.5393374741200828,0.4606625258799172,1932.0,0.12849162011173185
Runtime.load,292.0,3.0,0.010169491525423728,0.9898305084745763,295.0,0.019619579675445597
TelephonyManager.getCallState,969.0,198.0,0.16966580976863754,0.8303341902313625,1167.0,0.07761372705506783
BLUETOOTH,986.0,207.0,0.173512154233026,0.826487845766974,1193.0,0.07934291034849694
READ_CALENDAR,534.0,59.0,0.09949409780775717,0.9005059021922428,593.0,0.039438680500133015
READ_CALL_LOG,244.0,0.0,0.0,1.0,244.0,0.016227720138334664
SUBSCRIBED_FEEDS_WRITE,242.0,1.0,0.00411522633744856,0.9958847736625515,243.0,0.01616121308858739
READ_EXTERNAL_STORAGE,1253.0,334.0,0.21045998739760555,0.7895400126023945,1587.0,0.10554668794892258
TelephonyManager.getSimCountryIso,1330.0,0.0,0.0,1.0,1330.0,0.08845437616387337
sendMultipartTextMessage,262.0,8.0,0.02962962962962963,0.9703703703703703,270.0,0.017956903431763767
PackageInstaller,141.0,305.0,0.6838565022421524,0.31614349775784756,446.0,0.029662144187283853
VIBRATE,3820.0,1633.0,0.29946818265175135,0.7005318173482487,5453.0,0.36266294227188084
remount,110.0,268.0,0.708994708994709,0.291005291005291,378.0,0.025139664804469275
android.intent.action.ACTION_SHUTDOWN,281.0,14.0,0.04745762711864407,0.9525423728813559,295.0,0.019619579675445597
sendDataMessage,77.0,222.0,0.7424749163879598,0.25752508361204013,299.0,0.01988560787443469
ACCESS_NETWORK_STATE,7209.0,3680.0,0.33795573514555977,0.6620442648544402,10889.0,0.724195264698058
chown,60.0,195.0,0.7647058823529411,0.23529411764705882,255.0,0.01695929768555467
HttpPost.init,5768.0,2781.0,0.3253012048192771,0.6746987951807228,8549.0,0.5685687682894387
Ljava.lang.Class.getClasses,578.0,106.0,0.15497076023391812,0.8450292397660819,684.0,0.04549082202713488
SUBSCRIBED_FEEDS_READ,237.0,10.0,0.04048582995951417,0.9595141700404858,247.0,0.016427241287576482
TelephonyManager.isNetworkRoaming,649.0,134.0,0.17113665389527458,0.8288633461047255,783.0,0.05207501995211492
CHANGE_WIFI_MULTICAST_STATE,186.0,2.0,0.010638297872340425,0.9893617021276596,188.0,0.012503325352487363
WRITE_CALENDAR,463.0,72.0,0.13457943925233645,0.8654205607476636,535.0,0.03558127161479117
android.intent.action.PACKAGE_DATA_CLEARED,160.0,0.0,0.0,1.0,160.0,0.010641127959563713
MASTER_CLEAR,178.0,2.0,0.011111111111111112,0.9888888888888889,180.0,0.011971268954509178
HttpUriRequest,6477.0,3261.0,0.3348736906962415,0.6651263093037585,9738.0,0.6476456504389465
UPDATE_DEVICE_STATS,54.0,166.0,0.7545454545454545,0.24545454545454545,220.0,0.014631550944400107
WRITE_CALL_LOG,146.0,0.0,0.0,1.0,146.0,0.00971002926310189
DELETE_PACKAGES,146.0,268.0,0.6473429951690821,0.3526570048309179,414.0,0.02753391859537111
GET_TASKS,1912.0,735.0,0.2776728371741594,0.7223271628258405,2647.0,0.17604416068103218
GLOBAL_SEARCH,364.0,57.0,0.13539192399049882,0.8646080760095012,421.0,0.027999467943602023
DELETE_CACHE_FILES,30.0,119.0,0.7986577181208053,0.20134228187919462,149.0,0.00990955041234371
WRITE_USER_DICTIONARY,122.0,0.0,0.0,1.0,122.0,0.008113860069167332
android.intent.action.PACKAGE_CHANGED,260.0,31.0,0.10652920962199312,0.8934707903780069,291.0,0.019353551476456503
android.intent.action.NEW_OUTGOING_CALL,89.0,184.0,0.673992673992674,0.326007326007326,273.0,0.018156424581005588
REORDER_TASKS,180.0,11.0,0.05759162303664921,0.9424083769633508,191.0,0.012702846501729183
WRITE_PROFILE,109.0,0.0,0.0,1.0,109.0,0.00724926842245278
SET_WALLPAPER,493.0,527.0,0.5166666666666667,0.48333333333333334,1020.0,0.06783719074221868
BIND_INPUT_METHOD,152.0,7.0,0.0440251572327044,0.9559748427672956,159.0,0.01057462090981644
divideMessage,233.0,314.0,0.5740402193784278,0.4259597806215722,547.0,0.036379356211758446
READ_SOCIAL_STREAM,96.0,0.0,0.0,1.0,96.0,0.006384676775738229
READ_USER_DICTIONARY,104.0,1.0,0.009523809523809525,0.9904761904761905,105.0,0.006983240223463687
PROCESS_OUTGOING_CALLS,150.0,225.0,0.6,0.4,375.0,0.024940143655227454
CALL_PRIVILEGED,130.0,6.0,0.04411764705882353,0.9558823529411765,136.0,0.009044958765629156
Runtime.exec,3186.0,1477.0,0.3167488741153764,0.6832511258846237,4663.0,0.310122372971535
BIND_WALLPAPER,205.0,273.0,0.5711297071129707,0.42887029288702927,478.0,0.031790369779196595
RECEIVE_WAP_PUSH,88.0,160.0,0.6451612903225806,0.3548387096774194,248.0,0.016493748337323755
DUMP,99.0,2.0,0.019801980198019802,0.9801980198019802,101.0,0.006717212024474594
BATTERY_STATS,286.0,54.0,0.1588235294117647,0.8411764705882353,340.0,0.02261239691407289
ACCESS_COARSE_LOCATION,2451.0,1800.0,0.4234297812279464,0.5765702187720536,4251.0,0.28272146847565843
SET_TIME,84.0,1.0,0.011764705882352941,0.9882352941176471,85.0,0.0056530992285182225
android.intent.action.SENDTO,243.0,43.0,0.15034965034965034,0.8496503496503497,286.0,0.01902101622772014
WRITE_SOCIAL_STREAM,74.0,0.0,0.0,1.0,74.0,0.004921521681298217
WRITE_SETTINGS,1636.0,687.0,0.29573826947912185,0.7042617305208781,2323.0,0.15449587656291566
REBOOT,189.0,27.0,0.125,0.875,216.0,0.014365522745411013
BLUETOOTH_ADMIN,595.0,185.0,0.23717948717948717,0.7628205128205128,780.0,0.05187549880287311
TelephonyManager.getNetworkOperator,4793.0,2435.0,0.33688433868289985,0.6631156613171002,7228.0,0.48071295557329075
/system/bin,1196.0,954.0,0.44372093023255815,0.5562790697674419,2150.0,0.14299015695663742
MessengerService,60.0,0.0,0.0,1.0,60.0,0.0039904229848363925
BIND_DEVICE_ADMIN,188.0,32.0,0.14545454545454545,0.8545454545454545,220.0,0.014631550944400107
WRITE_GSERVICES,63.0,1.0,0.015625,0.984375,64.0,0.004256451183825486
IRemoteService,120.0,14.0,0.1044776119402985,0.8955223880597015,134.0,0.00891194466613461
KILL_BACKGROUND_PROCESSES,464.0,147.0,0.24058919803600654,0.7594108019639935,611.0,0.04063580739558393
SET_ALARM,174.0,207.0,0.5433070866141733,0.4566929133858268,381.0,0.025339185953711093
ACCOUNT_MANAGER,77.0,4.0,0.04938271604938271,0.9506172839506173,81.0,0.00538707102952913
/system/app,1594.0,709.0,0.3078593139383413,0.6921406860616587,2303.0,0.1531657355679702
android.intent.action.CALL,69.0,3.0,0.041666666666666664,0.9583333333333334,72.0,0.004788507581803671
STATUS_BAR,344.0,100.0,0.22522522522522523,0.7747747747747747,444.0,0.029529130087789304
TelephonyManager.getSimOperator,2332.0,1115.0,0.32346968378299973,0.6765303162170003,3447.0,0.22924980047885077
PERSISTENT_ACTIVITY,111.0,15.0,0.11904761904761904,0.8809523809523809,126.0,0.008379888268156424
CHANGE_NETWORK_STATE,969.0,400.0,0.2921840759678597,0.7078159240321402,1369.0,0.09104815110401702
onBind,6676.0,3645.0,0.3531634531537642,0.6468365468462358,10321.0,0.6864192604416068
Process.start,41.0,0.0,0.0,1.0,41.0,0.0027267890396382014
android.intent.action.SCREEN_ON,110.0,17.0,0.13385826771653545,0.8661417322834646,127.0,0.008446395317903697
Context.bindService,38.0,0.0,0.0,1.0,38.0,0.002527267890396382
RECEIVE_MMS,171.0,186.0,0.5210084033613446,0.4789915966386555,357.0,0.023743016759776536
SET_TIME_ZONE,45.0,1.0,0.021739130434782608,0.9782608695652174,46.0,0.0030593242883745677
android.intent.action.BATTERY_OKAY,27.0,56.0,0.6746987951807228,0.3253012048192771,83.0,0.005520085129023676
CONTROL_LOCATION_UPDATES,22.0,50.0,0.6944444444444444,0.3055555555555556,72.0,0.004788507581803671
BROADCAST_WAP_PUSH,86.0,12.0,0.12244897959183673,0.8775510204081632,98.0,0.006517690875232775
BIND_ACCESSIBILITY_SERVICE,41.0,1.0,0.023809523809523808,0.9761904761904762,42.0,0.002793296089385475
ADD_VOICEMAIL,30.0,0.0,0.0,1.0,30.0,0.0019952114924181963
CALL_PHONE,984.0,735.0,0.42757417102966844,0.5724258289703316,1719.0,0.11432561851556265
ProcessBuilder,919.0,403.0,0.3048411497730711,0.6951588502269289,1322.0,0.08792231976589518
BIND_APPWIDGET,59.0,6.0,0.09230769230769231,0.9076923076923077,65.0,0.004322958233572758
FLASHLIGHT,299.0,100.0,0.2506265664160401,0.7493734335839599,399.0,0.02653631284916201
READ_LOGS,661.0,519.0,0.4398305084745763,0.5601694915254237,1180.0,0.07847831870178239
Ljava.lang.Class.getResource,3502.0,2289.0,0.3952685201174236,0.6047314798825764,5791.0,0.3851423250864592
defineClass,145.0,37.0,0.2032967032967033,0.7967032967032966,182.0,0.012104283054003724
SET_PROCESS_LIMIT,32.0,1.0,0.030303030303030304,0.9696969696969697,33.0,0.002194732641660016
android.intent.action.PACKAGE_RESTARTED,96.0,20.0,0.1724137931034483,0.8275862068965517,116.0,0.007714817770683693
MOUNT_UNMOUNT_FILESYSTEMS,266.0,235.0,0.469061876247505,0.530938123752495,501.0,0.033320031923383876
BIND_TEXT_SERVICE,23.0,0.0,0.0,1.0,23.0,0.0015296621441872838
INSTALL_LOCATION_PROVIDER,30.0,1.0,0.03225806451612903,0.967741935483871,31.0,0.0020617185421654693
android.intent.action.CALL_BUTTON,35.0,2.0,0.05405405405405406,0.9459459459459459,37.0,0.0024607608406491087
android.intent.action.SCREEN_OFF,93.0,20.0,0.17699115044247787,0.8230088495575221,113.0,0.007515296621441873
findClass,836.0,615.0,0.4238456237077877,0.5761543762922122,1451.0,0.09650172918329343
SYSTEM_ALERT_WINDOW,763.0,342.0,0.3095022624434389,0.6904977375565611,1105.0,0.0734902899707369
MOUNT_FORMAT_FILESYSTEMS,37.0,3.0,0.075,0.925,40.0,0.0026602819898909284
CHANGE_CONFIGURATION,202.0,184.0,0.47668393782383417,0.5233160621761658,386.0,0.02567172120244746
CLEAR_APP_USER_DATA,40.0,4.0,0.09090909090909091,0.9090909090909091,44.0,0.002926310188880021
intent.action.RUN,40.0,4.0,0.09090909090909091,0.9090909090909091,44.0,0.002926310188880021
android.intent.action.SET_WALLPAPER,183.0,61.0,0.25,0.75,244.0,0.016227720138334664
CHANGE_WIFI_STATE,1449.0,985.0,0.40468364831553,0.5953163516844701,2434.0,0.161878159084863
READ_FRAME_BUFFER,100.0,27.0,0.2125984251968504,0.7874015748031497,127.0,0.008446395317903697
ACCESS_SURFACE_FLINGER,38.0,5.0,0.11627906976744186,0.8837209302325582,43.0,0.002859803139132748
Runtime.loadLibrary,15.0,0.0,0.0,1.0,15.0,0.0009976057462090981
BROADCAST_SMS,111.0,33.0,0.22916666666666666,0.7708333333333334,144.0,0.009577015163607342
EXPAND_STATUS_BAR,226.0,87.0,0.2779552715654952,0.7220447284345048,313.0,0.020816706570896515
INTERNAL_SYSTEM_WINDOW,49.0,10.0,0.1694915254237288,0.8305084745762712,59.0,0.003923915935089119
android.intent.action.BATTERY_LOW,50.0,56.0,0.5283018867924528,0.4716981132075472,106.0,0.00704974727321096
SET_ACTIVITY_WATCHER,15.0,1.0,0.0625,0.9375,16.0,0.0010641127959563714
WRITE_CONTACTS,1064.0,542.0,0.33748443337484435,0.6625155666251556,1606.0,0.10681032189412078
android.intent.action.ACTION_POWER_CONNECTED,607.0,295.0,0.3270509977827051,0.6729490022172949,902.0,0.05998935887204044
BIND_VPN_SERVICE,8.0,0.0,0.0,1.0,8.0,0.0005320563979781857
DISABLE_KEYGUARD,689.0,469.0,0.40500863557858374,0.5949913644214162,1158.0,0.07701516360734238
ACCESS_MOCK_LOCATION,143.0,57.0,0.285,0.715,200.0,0.013301409949454642
GET_PACKAGE_SIZE,170.0,96.0,0.3609022556390977,0.6390977443609023,266.0,0.017690875232774673
MODIFY_PHONE_STATE,173.0,125.0,0.41946308724832215,0.5805369127516778,298.0,0.01981910082468742
CHANGE_COMPONENT_ENABLED_STATE,98.0,45.0,0.3146853146853147,0.6853146853146853,143.0,0.00951050811386007
CLEAR_APP_CACHE,134.0,81.0,0.3767441860465116,0.6232558139534884,215.0,0.01429901569566374
SET_ORIENTATION,78.0,28.0,0.2641509433962264,0.7358490566037735,106.0,0.00704974727321096
READ_CONTACTS,2209.0,1299.0,0.37029646522234894,0.6297035347776511,3508.0,0.23330673051343442
DEVICE_POWER,171.0,91.0,0.3473282442748092,0.6526717557251909,262.0,0.017424847033785582
HARDWARE_TEST,32.0,32.0,0.5,0.5,64.0,0.004256451183825486
ACCESS_WIFI_STATE,4100.0,2432.0,0.3723208818126148,0.6276791181873852,6532.0,0.4344240489491886
WRITE_EXTERNAL_STORAGE,6289.0,3727.0,0.3721046325878594,0.6278953674121406,10016.0,0.6661346102686885
ACCESS_FINE_LOCATION,2700.0,1673.0,0.3825748913789161,0.6174251086210839,4373.0,0.29083532854482574
SET_WALLPAPER_HINTS,166.0,75.0,0.3112033195020747,0.6887966804979253,241.0,0.016028198989092843
SET_PREFERRED_APPLICATIONS,60.0,46.0,0.4339622641509434,0.5660377358490566,106.0,0.00704974727321096
WRITE_SECURE_SETTINGS,435.0,241.0,0.35650887573964496,0.643491124260355,676.0,0.04495876562915669
